Spanish,English,Pronunciation,Category
de,of/from,deh,Connectors
que,that/which,keh,Connectors
y,and,ee,Connectors
a,to/at,ah,Connectors
en,in/on,ehn,Connectors
no,no/not,noh,Connectors
sí,yes,see,Connectors
pero,but,peh-roh,Connectors
por,for/by,por,Connectors
con,with,kohn,Connectors
porque,because,por-keh,Connectors
si,if,see,Connectors
o,or,oh,Connectors
cuando,when,kwan-doh,Connectors
muy,very,mwee,Connectors
ser,to be (permanent),sehr,Verbs (Top 10)
estar,to be (temporary),eh-star,Verbs (Top 10)
tener,to have,teh-nehr,Verbs (Top 10)
hacer,to do/make,ah-sehr,Verbs (Top 10)
poder,can/be able to,poh-dehr,Verbs (Top 10)
decir,to say/tell,deh-seer,Verbs (Top 10)
ir,to go,eer,Verbs (Top 10)
ver,to see,vehr,Verbs (Top 10)
querer,to want,keh-rehr,Verbs (Top 10)
saber,to know (facts),sah-behr,Verbs (Top 10)
yo,I,yoh,Pronouns
tú,you (informal),too,Pronouns
él,he,ehl,Pronouns
ella,she,eh-yah,Pronouns
nosotros,we,noh-soh-trohs,Pronouns
ellos,they,eh-yohs,Pronouns
usted,you (formal),oos-ted,Pronouns
todo,everything/all,toh-doh,Pronouns
nada,nothing,nah-dah,Pronouns
algo,something,al-goh,Pronouns
hombre,man,ohm-breh,People
mujer,woman,moo-hehr,People
amigo,friend,ah-mee-goh,People
familia,family,fah-mee-lyah,People
qué,what,keh,Questions
cómo,how,koh-moh,Questions
quién,who,kyehn,Questions
dónde,where,dohn-deh,Questions
por qué,why,por keh,Questions
cuánto,how much,kwan-toh,Questions
cuándo,when,kwan-doh,Questions
ahora,now,ah-oh-rah,Time
hoy,today,oy,Time
mañana,tomorrow/morning,mah-nyah-nah,Time
ayer,yesterday,ah-yehr,Time
día,day,dee-ah,Time
noche,night,noh-cheh,Time
semana,week,seh-mah-nah,Time
año,year,ah-nyoh,Time
vez,time (occurrence),vehs,Time
aquí,here,ah-kee,Location
allí,there,ah-yee,Location
lugar,place,loo-gahr,Location
bueno,good,bweh-noh,Adjectives
malo,bad,mah-loh,Adjectives
grande,big,grahn-deh,Adjectives
pequeño,small,peh-keh-nyoh,Adjectives
mucho,a lot/much,moo-choh,Adjectives
poco,a little/few,poh-koh,Adjectives
nuevo,new,nweh-voh,Adjectives
mismo,same,mees-moh,Adjectives
importante,important,eem-por-tahn-teh,Adjectives
verdad,truth,vehr-dahd,Nouns (Abstract)
dar,to give,dahr,Verbs (Action)
hablar,to speak,ah-blahr,Verbs (Action)
encontrar,to find,ehn-kohn-trahr,Verbs (Action)
llevar,to wear/carry,yeh-vahr,Verbs (Action)
mirar,to look/watch,mee-rahr,Verbs (Action)
creer,to believe,kreh-ehr,Verbs (Action)
empezar,to start,ehm-peh-sahr,Verbs (Action)
esperar,to wait/hope,ehs-peh-rahr,Verbs (Action)
buscar,to look for,boos-kahr,Verbs (Action)
existir,to exist,ehk-sees-teer,Verbs (Action)
entrar,to enter,ehn-trahr,Verbs (Action)
trabajar,to work,trah-bah-hahr,Verbs (Action)
escribir,to write,ehs-kree-beer,Verbs (Action)
perder,to lose,pehr-dehr,Verbs (Action)
entender,to understand,ehn-ten-dehr,Verbs (Action)
pedir,to ask for,peh-deer,Verbs (Action)
recibir,to receive,reh-see-beer,Verbs (Action)
recordar,to remember,reh-kor-dahr,Verbs (Action)
terminar,to finish,tehr-mee-nahr,Verbs (Action)
permitir,to allow,pehr-mee-teer,Verbs (Action)
aparecer,to appear,ah-pah-reh-sehr,Verbs (Action)
conseguir,to get/obtain,kohn-seh-geer,Verbs (Action)
comenzar,to begin,koh-men-sahr,Verbs (Action)
servir,to serve,sehr-veer,Verbs (Action)
sacar,to take out,sah-kahr,Verbs (Action)
necesitar,to need,neh-seh-see-tahr,Verbs (Action)
mantener,to maintain,mahn-teh-nehr,Verbs (Action)
leer,to read,leh-ehr,Verbs (Action)
caer,to fall,kah-ehr,Verbs (Action)
cambiar,to change,kahm-byahr,Verbs (Action)
gente,people,hen-teh,People
persona,person,pehr-soh-nah,People
niño,boy,nee-nyoh,People
niña,girl,nee-nyah,People
hijo,son,ee-hoh,People
hija,daughter,ee-hah,People
padre,father,pah-dreh,People
madre,mother,mah-dreh,People
hermano,brother,ehr-mah-noh,People
hermana,sister,ehr-mah-nah,People
señor,Mr./sir,seh-nyohr,People
señora,Mrs./madam,seh-nyoh-rah,People
nombre,name,nohm-breh,People
grupo,group,groo-poh,People
trabajo,job/work,trah-bah-hoh,Nouns (General)
país,country,pah-ees,Nouns (General)
mundo,world,moon-doh,Nouns (General)
mano,hand,mah-noh,Body
ojos,eyes,oh-hos,Body
cuerpo,body,kwehr-poh,Body
mente,mind,men-teh,Body
vida,life,vee-dah,Nouns (Abstract)
casa,house,kah-sah,House/City
agua,water,ah-gwah,Food/Drink
puerta,door,pwehr-tah,House/City
calle,street,kah-yeh,House/City
ciudad,city,syoo-dahd,House/City
coche,car,koh-cheh,House/City
camino,road/path,kah-mee-noh,House/City
dinero,money,dee-neh-roh,House/City
mesa,table,meh-sah,House/City
libro,book,lee-broh,Objects
escuela,school,ehs-kweh-lah,House/City
problema,problem,proh-bleh-mah,Nouns (Abstract)
historia,history/story,ees-toh-ryah,Nouns (Abstract)
palabra,word,pah-lah-brah,Nouns (Abstract)
número,number,noo-meh-roh,Nouns (Abstract)
sistema,system,sees-teh-mah,Nouns (Abstract)
hora,hour,oh-rah,Time
minuto,minute,mee-noo-toh,Time
mes,month,mehs,Time
luz,light,loos,Nouns (General)
comer,to eat,koh-mehr,Food/Drink
beber,to drink,beh-behr,Food/Drink
desayuno,breakfast,deh-sah-yoo-noh,Food/Drink
almuerzo,lunch,ahl-mwehr-soh,Food/Drink
cena,dinner,seh-nah,Food/Drink
pan,bread,pahn,Food/Drink
carne,meat,kahr-neh,Food/Drink
pollo,chicken,poh-yoh,Food/Drink
pescado,fish (food),pes-kah-doh,Food/Drink
fruta,fruit,froo-tah,Food/Drink
verduras,vegetables,vehr-doo-rahs,Food/Drink
cerveza,beer,sehr-veh-sah,Food/Drink
vino,wine,vee-noh,Food/Drink
leche,milk,leh-cheh,Food/Drink
café,coffee,kah-feh,Food/Drink
cuenta,bill/check,kwen-tah,Dining
hambre,hunger,ahm-breh,Feelings
sed,thirst,sed,Feelings
delicioso,delicious,deh-lee-syoh-soh,Adjectives
cocina,kitchen,koh-see-nah,House
viajar,to travel,vyah-hahr,Travel
avión,airplane,ah-vyohn,Travel
aeropuerto,airport,ah-eh-roh-pwehr-toh,Travel
tren,train,trehn,Travel
autobús,bus,ow-toh-boos,Travel
boleto,ticket,boh-leh-toh,Travel
pasaporte,passport,pah-sah-por-teh,Travel
maleta,suitcase,mah-leh-tah,Travel
mapa,map,mah-pah,Travel
izquierda,left,ees-kyehr-dah,Directions
derecha,right,deh-reh-chah,Directions
derecho,straight ahead,deh-reh-choh,Directions
cerca,near,sehr-kah,Directions
lejos,far,leh-hos,Directions
entrada,entrance,ehn-trah-dah,Directions
salida,exit,sah-lee-dah,Directions
arriba,up/above,ah-rree-bah,Directions
abajo,down/below,ah-bah-hoh,Directions
estación,station,ehs-ta-syohn,Travel
hotel,hotel,oh-tel,Travel
comprar,to buy,kohm-prahr,Shopping
vender,to sell,ven-dehr,Shopping
pagar,to pay,pah-gahr,Shopping
precio,price,preh-syoh,Shopping
barato,cheap,bah-rah-toh,Adjectives
caro,expensive,kah-roh,Adjectives
tienda,store,tyen-dah,Shopping
mercado,market,mehr-kah-doh,Shopping
abierto,open,ah-byehr-toh,Adjectives
cerrado,closed,seh-rrah-doh,Adjectives
ropa,clothes,rroh-pah,Clothing
camisa,shirt,kah-mee-sah,Clothing
pantalones,pants,pahn-tah-loh-nes,Clothing
zapatos,shoes,sah-pah-tohs,Clothing
vestido,dress,ves-tee-doh,Clothing
bolsa,bag,bohl-sah,Clothing
tarjeta,card,tahr-heh-tah,Shopping
regalo,gift,reh-gah-loh,Shopping
efectivo,cash,eh-fek-tee-voh,Shopping
color,color,koh-lohr,Colors
rojo,red,rroh-hoh,Colors
azul,blue,ah-sool,Colors
verde,green,vehr-deh,Colors
blanco,white,blahn-koh,Colors
negro,black,neh-groh,Colors
amarillo,yellow,ah-mah-ree-yoh,Colors
sucio,dirty,soo-syoh,Adjectives
limpio,clean,leem-pyoh,Adjectives
caliente,hot,kah-lyen-teh,Adjectives
frío,cold,free-oh,Adjectives
lleno,full,yeh-noh,Adjectives
vacío,empty,vah-see-oh,Adjectives
listo,ready/smart,lees-toh,Adjectives
rápido,fast,rrah-pee-doh,Adjectives
lento,slow,len-toh,Adjectives
sentir,to feel,sen-teer,Health
doler,to hurt,doh-lehr,Health
dolor,pain,doh-lohr,Health
enfermo,sick,ehn-fehr-moh,Health
cansado,tired,kahn-sah-doh,Health
feliz,happy,feh-lees,Health
triste,sad,trees-teh,Health
enojado,angry,eh-noh-hah-doh,Health
miedo,fear,myeh-doh,Health
cabeza,head,kah-beh-sah,Body
estómago,stomach,ehs-toh-mah-goh,Body
médico,doctor,meh-dee-koh,Health
medicina,medicine,meh-dee-see-nah,Health
ayuda,help,ah-yoo-dah,Health
amor,love,ah-mohr,Abstract
salud,health,sah-lood,Health
celular,cell phone,seh-loo-lahr,Tech
computadora,computer,kom-poo-tah-doh-rah,Tech
internet,internet,een-tehr-net,Tech
mensaje,message,men-sah-heh,Tech
llamada,call,yah-mah-dah,Tech
correo,email/mail,koh-rreh-oh,Tech
foto,photo,foh-toh,Tech
video,video,bee-deh-oh,Tech
noticia,news,noh-tee-syah,Tech
canción,song,kahn-syohn,Media
película,movie,peh-lee-koo-lah,Media
juego,game,hweh-goh,Media
pantalla,screen,pahn-tah-yah,Tech
funcionar,to work/function,foon-syo-nahr,Tech
sol,sun,sohl,Nature
luna,moon,loo-nah,Nature
cielo,sky,syeh-loh,Nature
tierra,earth/ground,tyeh-rrah,Nature
mar,sea,mahr,Nature
playa,beach,plah-yah,Nature
aire,air,ay-reh,Nature
fuego,fire,fweh-goh,Nature
viento,wind,byen-toh,Nature
lluvia,rain,yoo-byah,Nature
árbol,tree,ahr-bohl,Nature
flor,flower,flohr,Nature
animal,animal,ah-nee-mahl,Nature
perro,dog,peh-rroh,Nature
gato,cat,gah-toh,Nature
pájaro,bird,pah-hah-roh,Nature
pez,fish (alive),pes,Nature
campo,countryside,kahm-poh,Nature
montaña,mountain,mohn-tah-nyah,Nature
río,river,ree-oh,Nature
gustar,to like,goos-tahr,Verbs (Advanced)
quedar,to stay/remain,keh-dahr,Verbs (Advanced)
parecer,to seem,pah-reh-sehr,Verbs (Advanced)
dejar,to leave/let,deh-hahr,Verbs (Advanced)
volver,to return,bohl-vehr,Verbs (Advanced)
salir,to go out,sah-leer,Verbs (Advanced)
jugar,to play,hoo-gahr,Verbs (Advanced)
oír,to hear,oh-eer,Verbs (Advanced)
tocar,to touch/play,toh-kahr,Verbs (Advanced)
correr,to run,koh-rreh,Verbs (Advanced)
caminar,to walk,kah-mee-nahr,Verbs (Advanced)
sentar,to sit,sen-tahr,Verbs (Advanced)
levantar,to lift/get up,leh-bahn-tahr,Verbs (Advanced)
dormir,to sleep,dor-meer,Verbs (Advanced)
morir,to die,moh-reer,Verbs (Advanced)
nacer,to be born,nah-sehr,Verbs (Advanced)
abrir,to open,ah-breer,Verbs (Advanced)
cerrar,to close,seh-rrahr,Verbs (Advanced)
ganar,to win/earn,gah-nahr,Verbs (Advanced)
idea,idea,ee-deh-ah,Abstract
razón,reason,rah-sohn,Abstract
manera,way/manner,mah-neh-rah,Abstract
tipo,type/guy,tee-poh,Abstract
parte,part,pahr-teh,Abstract
ejemplo,example,eh-hem-ploh,Abstract
hecho,fact/done,eh-choh,Abstract
caso,case,kah-soh,Abstract
punto,point,poon-toh,Abstract
fin,end,feen,Abstract
lado,side,lah-doh,Abstract
nivel,level,nee-vel,Abstract
ley,law,ley,Abstract
guerra,war,geh-rrah,Abstract
paz,peace,pahs,Abstract
gobierno,government,goh-byehr-noh,Abstract
empresa,company,ehm-preh-sah,Business
oficina,office,oh-fee-see-nah,Business
éxito,success,ehk-see-toh,Abstract
suerte,luck,swehr-teh,Abstract
entre,between,ehn-treh,Connectors (Adv)
sin,without,seen,Connectors (Adv)
hasta,until,ahs-tah,Connectors (Adv)
desde,from/since,des-deh,Connectors (Adv)
durante,during,doo-rahn-teh,Connectors (Adv)
hacia,toward,ah-syah,Connectors (Adv)
según,according to,seh-goon,Connectors (Adv)
sobre,about/over,soh-breh,Connectors (Adv)
tras,after/behind,trahs,Connectors (Adv)
quizás,perhaps,kee-sahs,Connectors (Adv)
apenas,barely,ah-peh-nahs,Connectors (Adv)
mientras,while,myen-trahs,Connectors (Adv)
a veces,sometimes,ah veh-ses,Frequency
a menudo,often,ah meh-noo-doh,Frequency
temprano,early,tem-prah-noh,Time
tarde,late,tahr-deh,Time
jamás,never,hah-mahs,Frequency
anoche,last night,ah-noh-cheh,Time
próximo,next,prohk-see-moh,Time
cumpleaños,birthday,koom-pleh-ah-nyohs,Time
edad,age,eh-dahd,Nouns (General)
uno,one,oo-noh,Numbers
dos,two,dohs,Numbers
tres,three,trehs,Numbers
cuatro,four,kwah-troh,Numbers
cinco,five,seen-koh,Numbers
seis,six,says,Numbers
siete,seven,syeh-teh,Numbers
ocho,eight,oh-choh,Numbers
nueve,nine,nweh-veh,Numbers
diez,ten,dyehs,Numbers
veinte,twenty,vayn-teh,Numbers
cincuenta,fifty,seen-kwen-tah,Numbers
cien,one hundred,syen,Numbers
mil,one thousand,meel,Numbers
lunes,Monday,loo-nes,Days
martes,Tuesday,mahr-tes,Days
miércoles,Wednesday,myer-koh-les,Days
jueves,Thursday,hweh-ves,Days
viernes,Friday,vyehr-nes,Days
sábado,Saturday,sah-bah-doh,Days
domingo,Sunday,doh-meen-goh,Days
enero,January,eh-neh-roh,Months
febrero,February,feh-breh-roh,Months
marzo,March,mahr-soh,Months
abril,April,ah-breel,Months
mayo,May,mah-yoh,Months
junio,June,hoo-nyoh,Months
julio,July,hoo-lyoh,Months
agosto,August,ah-gohs-toh,Months
septiembre,September,sep-tyem-breh,Months
octubre,October,ok-too-breh,Months
noviembre,November,noh-vyem-breh,Months
diciembre,December,dee-syem-breh,Months
vivir,to live,vee-veer,Verbs (Core)
aprender,to learn,ah-pren-dehr,Verbs (Core)
enseñar,to teach,ehn-seh-nyahr,Verbs (Core)
preguntar,to ask,preh-goon-tahr,Verbs (Core)
responder,to answer,res-pohn-dehr,Verbs (Core)
ayudar,to help,ah-yoo-dahr,Verbs (Core)
bailar,to dance,by-lahr,Verbs (Activity)
cantar,to sing,kahn-tahr,Verbs (Activity)
cocinar,to cook,koh-see-nahr,Verbs (Activity)
limpiar,to clean,leem-pyahr,Verbs (Activity)
lavar,to wash,lah-vahr,Verbs (Activity)
bajar,to go down,bah-hahr,Verbs (Movement)
subir,to go up,soo-beer,Verbs (Movement)
parar,to stop,pah-rahr,Verbs (Movement)
romper,to break,rrom-pehr,Verbs (Action)
odiar,to hate,oh-dyahr,Verbs (Emotion)
amar,to love,ah-mahr,Verbs (Emotion)
beso,kiss,beh-soh,Relationships
abrazo,hug,ah-brah-soh,Relationships
novio,boyfriend,noh-vyoh,Relationships
novia,girlfriend,noh-vyah,Relationships
esposo,husband,es-poh-soh,Relationships
esposa,wife,es-poh-sah,Relationships
jefe,boss,heh-feh,Work
empleado,employee,em-pleh-ah-doh,Work
compañero,partner/colleague,kom-pah-nyeh-roh,Work
cliente,client,klyen-teh,Work
escritorio,desk,es-kree-toh-ryoh,Objects
silla,chair,see-yah,Objects
papel,paper,pah-pel,Objects
bolígrafo,pen,boh-lee-grah-foh,Objects
lápiz,pencil,lah-pees,Objects
teléfono,telephone,teh-leh-foh-noh,Objects
reloj,watch/clock,reh-loh,Objects
llave,key,yah-veh,Objects
cama,bed,kah-mah,Furniture
sofá,sofa,soh-fah,Furniture
espejo,mirror,es-peh-hoh,Furniture
ventana,window,ven-tah-nah,House
pared,wall,pah-red,House
piso,floor,pee-soh,House
techo,ceiling/roof,teh-choh,House
jardín,garden,har-deen,House
baño,bathroom,bah-nyoh,House
dormitorio,bedroom,dor-mee-toh-ryoh,House
sala,living room,sah-lah,House
vaso,glass,vah-soh,Kitchen
plato,plate,plah-toh,Kitchen
tenedor,fork,teh-neh-dor,Kitchen
cuchillo,knife,koo-chee-yoh,Kitchen
cuchara,spoon,koo-chah-rah,Kitchen
servilleta,napkin,ser-vee-yeh-tah,Kitchen
botella,bottle,boh-teh-yah,Kitchen
taza,cup,tah-sah,Kitchen
arroz,rice,ah-rrohs,Food
huevo,egg,weh-voh,Food
queso,cheese,keh-soh,Food
ensalada,salad,en-sah-lah-dah,Food
sopa,soup,soh-pah,Food
azúcar,sugar,ah-soo-kahr,Food
sal,salt,sahl,Food
pimienta,pepper,pee-myen-tah,Food
aceite,oil,ah-say-teh,Food
mantequilla,butter,man-teh-kee-yah,Food
postre,dessert,pohs-treh,Food
hielo,ice,yeh-loh,Food
naranja,orange,nah-rahn-hah,Food
manzana,apple,man-sah-nah,Food
plátano,banana,plah-tah-noh,Food
tomate,tomato,toh-mah-teh,Food
papa,potato,pah-pah,Food
cebolla,onion,seh-boh-yah,Food
ajo,garlic,ah-hoh,Food
chamarra,jacket (Mex),chah-mah-rrah,Clothing
chaqueta,jacket,chah-keh-tah,Clothing
abrigo,coat,ah-bree-goh,Clothing
falda,skirt,fahl-dah,Clothing
sombrero,hat,som-breh-roh,Clothing
gafas,glasses,gah-fahs,Clothing
reloj,watch,reh-loh,Clothing
bolsillo,pocket,bol-see-yoh,Clothing
botas,boots,boh-tahs,Clothing
calcetines,socks,kal-seh-tee-nes,Clothing
cinturón,belt,seen-too-rohn,Clothing
oreja,ear,oh-reh-hah,Body
nariz,nose,nah-rees,Body
boca,mouth,boh-kah,Body
diente,tooth,dyen-teh,Body
lengua,tongue,len-gwah,Body
cuello,neck,kweh-yoh,Body
hombro,shoulder,ohm-broh,Body
espalda,back,es-pahl-dah,Body
brazo,arm,brah-soh,Body
dedo,finger,deh-doh,Body
pierna,leg,pyer-nah,Body
pie,foot,pyeh,Body
piel,skin,pyel,Body
sangre,blood,sahn-greh,Body
corazón,heart,koh-rah-sohn,Body
cerebro,brain,seh-reh-broh,Body
hueso,bone,weh-soh,Body
farmacia,pharmacy,far-mah-syah,City
hospital,hospital,os-pee-tahl,City
policía,police,poh-lee-see-ah,City
banco,bank,bahn-koh,City
parque,park,pahr-keh,City
cine,cinema,see-neh,City
teatro,theater,teh-ah-troh,City
biblioteca,library,bee-blyoh-teh-kah,City
museo,museum,moo-seh-oh,City
iglesia,church,ee-gleh-syah,City
puente,bridge,pwen-teh,City
edificio,building,eh-dee-fee-syoh,City
norte,north,nor-teh,Directions
sur,south,soor,Directions
este,east,es-teh,Directions
oeste,west,oh-es-teh,Directions
clima,weather,klee-mah,Nature
calor,heat,kah-lor,Nature
nube,cloud,noo-beh,Nature
nieve,snow,nyeh-veh,Nature
estrella,star,es-treh-yah,Nature
bosque,forest,bohs-keh,Nature
desierto,desert,deh-syer-toh,Nature
isla,island,ees-lah,Nature
piedra,stone,pyeh-drah,Nature
planta,plant,plahn-tah,Nature
ratón,mouse,rah-tohn,Animals
vaca,cow,vah-kah,Animals
cerdo,pig,ser-doh,Animals
caballo,horse,kah-bah-yoh,Animals
oveja,sheep,oh-veh-hah,Animals
león,lion,leh-ohn,Animals
oso,bear,oh-soh,Animals
elefante,elephant,eh-leh-fahn-teh,Animals
mosca,fly,mohs-kah,Animals
araña,spider,ah-rah-nyah,Animals
alto,tall/high,ahl-toh,Adjectives
bajo,short/low,bah-hoh,Adjectives
gordo,fat,gor-doh,Adjectives
delgado,thin,del-gah-doh,Adjectives
bonito,pretty,boh-nee-toh,Adjectives
feo,ugly,feh-oh,Adjectives
rico,rich/tasty,ree-koh,Adjectives
pobre,poor,poh-breh,Adjectives
inteligente,smart,een-teh-lee-hen-teh,Adjectives
tonto,stupid,tohn-toh,Adjectives
divertido,fun,dee-ver-tee-doh,Adjectives
aburrido,boring,ah-boo-rree-doh,Adjectives
amable,kind,ah-mah-bleh,Adjectives
duro,hard,doo-roh,Adjectives
suave,soft,swah-veh,Adjectives
seco,dry,seh-koh,Adjectives
mojado,wet,moh-hah-doh,Adjectives
dulce,sweet,dool-seh,Adjectives
salado,salty,sah-lah-doh,Adjectives
picante,spicy,pee-kahn-teh,Adjectives
redondo,round,reh-dohn-doh,Adjectives
cuadrado,square,kwah-drah-doh,Adjectives
peligroso,dangerous,peh-lee-groh-soh,Adjectives
seguro,safe/sure,seh-goo-roh,Adjectives
famoso,famous,fah-moh-soh,Adjectives
común,common,koh-moon,Adjectives
extraño,strange,ex-trah-nyoh,Adjectives
antiguo,ancient,ahn-tee-gwoh,Adjectives
moderno,modern,moh-der-noh,Adjectives
profesor,teacher,proh-feh-sor,Professions
maestro,teacher (primary),mah-es-troh,Professions
estudiante,student,es-too-dyahn-teh,Professions
doctor,doctor,dok-tor,Professions
enfermero,nurse,en-fer-meh-roh,Professions
abogado,lawyer,ah-boh-gah-doh,Professions
ingeniero,engineer,een-heh-nyeh-roh,Professions
artista,artist,ahr-tees-tah,Professions
escritor,writer,es-kree-tor,Professions
actor,actor,ak-tor,Professions
cantante,singer,kahn-tahn-teh,Professions
cocinero,chef,koh-see-neh-roh,Professions
mesero,waiter,meh-seh-roh,Professions
político,politician,poh-lee-tee-koh,Professions
soldado,soldier,sol-dah-doh,Professions
periodista,journalist,peh-ryoh-dees-tah,Professions
ciencia,science,syen-syah,School
matemáticas,math,mah-teh-mah-tee-kahs,School
arte,art,ahr-teh,School
música,music,moo-see-kah,School
examen,exam,ek-sah-men,School
clase,class,klah-seh,School
tarea,homework,tah-reh-ah,School
pregunta,question,preh-goon-tah,School
respuesta,answer,res-pwes-tah,School
regla,rule/ruler,reh-glah,School
diccionario,dictionary,deek-syo-nah-ryoh,School
mapa,map,mah-pah,School
bandera,flag,bahn-deh-rah,School
error,mistake,eh-rror,Abstract
verdad,truth,ver-dahd,Abstract
mentira,lie,men-tee-rah,Abstract
sueño,dream/sleepiness,sweh-nyoh,Abstract
voz,voice,vohs,Abstract
ruido,noise,rwee-doh,Abstract
olor,smell,oh-lor,Abstract
sabor,taste,sah-bor,Abstract
fuerza,strength,fwer-sah,Abstract
energía,energy,eh-ner-hee-ah,Abstract
libertad,freedom,lee-ber-tahd,Abstract
justicia,justice,hoos-tee-syah,Abstract
cultura,culture,kool-too-rah,Abstract
religión,religion,reh-lee-hyohn,Abstract
dios,god,dyohs,Abstract
muerte,death,mwer-teh,Abstract
nacimiento,birth,nah-see-myen-toh,Abstract
boda,wedding,boh-dah,Abstract
fiesta,party,fyes-tah,Abstract
viaje,trip,vyah-heh,Abstract
vacaciones,vacation,vah-kah-syo-nes,Abstract
accidente,accident,ak-see-den-teh,Abstract
emergencia,emergency,eh-mer-hen-syah,Abstract
fuego,fire,fweh-goh,Abstract
policía,police,poh-lee-syah,Abstract
ambulancia,ambulance,ahm-boo-lahn-syah,Abstract
peligro,danger,peh-lee-groh,Abstract
cuidado,care/caution,kwee-dah-doh,Abstract
atención,attention,ah-ten-syohn,Abstract
respeto,respect,res-peh-toh,Abstract
miedo,fear,myeh-doh,Abstract
sorpresa,surprise,sor-preh-sah,Abstract
risa,laughter,ree-sah,Abstract
llanto,crying,yahn-toh,Abstract
grito,scream/shout,gree-toh,Abstract
silencio,silence,see-len-syoh,Abstract
oscuridad,darkness,os-koo-ree-dahd,Abstract
sombra,shadow,sohm-brah,Abstract
espacio,space,es-pah-syoh,Abstract
forma,shape,for-mah,Abstract
tamaño,size,tah-mah-nyoh,Abstract
peso,weight,peh-soh,Abstract
velocidad,speed,veh-loh-see-dahd,Abstract
dirección,address/direction,dee-rek-syohn,Abstract
distancia,distance,dees-tahn-syah,Abstract
calidad,quality,kah-lee-dahd,Abstract
cantidad,quantity,kahn-tee-dahd,Abstract
precio,price,preh-syoh,Abstract
valor,value,vah-lor,Abstract
costo,cost,kohs-toh,Abstract
impuesto,tax,eem-pwes-toh,Abstract
economía,economy,eh-koh-noh-mee-ah,Abstract
sociedad,society,soh-syeh-dahd,Abstract
comunidad,community,koh-moo-nee-dahd,Abstract
población,population,poh-blah-syohn,Abstract
gobierno,government,goh-byer-noh,Abstract
voto,vote,voh-toh,Abstract
elección,election,eh-lek-syohn,Abstract
presidente,president,preh-see-den-teh,Abstract
rey,king,rrey,Abstract
reina,queen,rray-nah,Abstract
país,country,pah-ees,Abstract
nación,nation,nah-syohn,Abstract
estado,state,es-tah-doh,Abstract
capital,capital,kah-pee-tahl,Abstract
frontera,border,fron-teh-rah,Abstract
guerra,war,geh-rrah,Abstract
paz,peace,pahs,Abstract
ejército,army,eh-her-see-toh,Abstract
arma,weapon,ahr-mah,Abstract
disparo,shot,dees-pah-roh,Abstract
ataque,attack,ah-tah-keh,Abstract
defensa,defense,deh-fen-sah,Abstract
victoria,victory,veek-toh-ryah,Abstract
derrota,defeat,deh-rroh-tah,Abstract
historia,history,ees-toh-ryah,Abstract
futuro,future,foo-too-roh,Abstract
pasado,past,pah-sah-doh,Abstract
presente,present,preh-sen-teh,Abstract
siglo,century,see-gloh,Abstract
década,decade,deh-kah-dah,Abstract
era,era,eh-rah,Abstract
fecha,date,feh-chah,Abstract
calendario,calendar,kah-len-dah-ryoh,Abstract
reunión,meeting,rreh-oo-nyohn,Abstract
cita,appointment/date,see-tah,Abstract
contrato,contract,kon-trah-toh,Abstract
firma,signature,feer-mah,Abstract
documento,document,doh-koo-men-toh,Abstract
información,information,een-for-mah-syohn,Abstract
dato,data,dah-toh,Abstract
conocimiento,knowledge,koh-noh-see-myen-toh,Abstract
educación,education,eh-doo-kah-syohn,Abstract
universidad,university,oo-nee-ver-see-dahd,Abstract
título,degree/title,tee-too-loh,Abstract
curso,course,koor-soh,Abstract
lección,lesson,lek-syohn,Abstract
grado,grade/degree,grah-doh,Abstract
nivel,level,nee-vel,Abstract
prueba,test/proof,prweh-bah,Abstract
resultado,result,reh-sool-tah-doh,Abstract
éxito,success,ek-see-toh,Abstract
fracaso,failure,frah-kah-soh,Abstract
meta,goal,meh-tah,Abstract
plan,plan,plahn,Abstract
proyecto,project,proh-yek-toh,Abstract
oportunidad,opportunity,oh-por-too-nee-dahd,Abstract
riesgo,risk,ryes-goh,Abstract
solución,solution,soh-loo-syohn,Abstract
decisión,decision,deh-see-syohn,Abstract
elección,choice,eh-lek-syohn,Abstract
opinión,opinion,oh-pee-nyohn,Abstract
consejo,advice,kon-seh-hoh,Abstract
acuerdo,agreement,ah-kwer-doh,Abstract
desacuerdo,disagreement,des-ah-kwer-doh,Abstract
promesa,promise,proh-meh-sah,Abstract
secreto,secret,seh-kreh-toh,Abstract
noticia,news,noh-tee-syah,Abstract
mensaje,message,men-sah-heh,Abstract
carta,letter,kahr-tah,Abstract
idioma,language,ee-dyoh-mah,Abstract
lengua,tongue/language,len-gwah,Abstract
traducción,translation,trah-dook-syohn,Abstract
significado,meaning,seeg-nee-fee-kah-doh,Abstract
estilo,style,es-tee-loh,Abstract
diseño,design,dee-seh-nyoh,Abstract
modelo,model,moh-deh-loh,Abstract
imagen,image,ee-mah-hen,Abstract
foto,photo,foh-toh,Abstract
pintura,painting,peen-too-rah,Abstract
canción,song,kahn-syohn,Abstract
baile,dance,by-leh,Abstract
deporte,sport,deh-por-teh,Abstract
fútbol,soccer,foot-bol,Abstract
pelota,ball,peh-loh-tah,Abstract
equipo,team,eh-kee-poh,Abstract
juego,game,hweh-goh,Abstract
jugador,player,hoo-gah-dor,Abstract
campeón,champion,kahm-peh-ohn,Abstract
competencia,competition,kom-peh-ten-syah,Abstract
premio,prize,preh-myoh,Abstract
medalla,medal,meh-dah-yah,Abstract
trofeo,trophy,troh-feh-oh,Abstract
regla,rule,reh-glah,Abstract
falta,lack/foul,fahl-tah,Abstract
punto,point,poon-toh,Abstract
línea,line,lee-neh-ah,Abstract
círculo,circle,seer-koo-loh,Abstract
centro,center,sen-troh,Abstract
esquina,corner,es-kee-nah,Abstract
fondo,bottom/background,fon-doh,Abstract
superficie,surface,soo-per-fee-syeh,Abstract
interior,interior,een-teh-ryor,Abstract
exterior,exterior,ex-teh-ryor,Abstract
principio,beginning/principle,preen-see-pyoh,Abstract
final,final/end,fee-nahl,Abstract
mitad,half,mee-tahd,Abstract
cuarto,quarter/room,kwar-toh,Abstract
doble,double,doh-bleh,Abstract
par,pair,pahr,Abstract
docena,dozen,doh-seh-nah,Abstract
mayoría,majority,mah-yoh-ree-ah,Abstract
minoría,minority,mee-noh-ree-ah,Abstract
resto,rest/remainder,res-toh,Abstract
total,total,toh-tahl,Abstract
promedio,average,proh-meh-dyoh,Abstract
mínimo,minimum,mee-nee-moh,Abstract
máximo,maximum,mak-see-moh,Abstract
aumento,increase,ow-men-toh,Abstract
caída,fall/drop,kah-ee-dah,Abstract
cambio,change,kahm-byoh,Abstract
crecimiento,growth,kreh-see-myen-toh,Abstract
desarrollo,development,deh-sah-rroh-yoh,Abstract
progreso,progress,proh-greh-soh,Abstract
proceso,process,proh-seh-soh,Abstract
acción,action,ak-syohn,Abstract
actividad,activity,ak-tee-vee-dahd,Abstract
movimiento,movement,moh-vee-myen-toh,Abstract
dirección,direction,dee-rek-syohn,Abstract
oro,gold,oh-roh,Materials
plata,silver,plah-tah,Materials
hierro,iron,yeh-rroh,Materials
madera,wood,mah-deh-rah,Materials
vidrio,glass,vee-dryoh,Materials
plástico,plastic,plahs-tee-koh,Materials
papel,paper,pah-pel,Materials
piedra,stone,pyeh-drah,Materials
arena,sand,ah-reh-nah,Materials
tierra,earth/soil,tyeh-rrah,Materials
acero,steel,ah-seh-roh,Materials
algodón,cotton,ahl-goh-dohn,Materials
lana,wool,lah-nah,Materials
piel,leather/skin,pyel,Materials
gas,gas,gahs,Materials
electricidad,electricity,eh-lek-tree-see-dahd,Materials
energía,energy,eh-ner-hee-ah,Materials
batería,battery,bah-teh-ree-ah,Objects
cuerda,rope,kwer-dah,Objects
hilo,thread,ee-loh,Objects
aguja,needle,ah-goo-hah,Objects
tijeras,scissors,tee-heh-rahs,Objects
herramienta,tool,eh-rrah-myen-tah,Objects
martillo,hammer,mar-tee-yoh,Objects
clavo,nail,klah-voh,Objects
tornillo,screw,tor-nee-yoh,Objects
máquina,machine,mah-kee-nah,Objects
motor,motor/engine,moh-tor,Objects
rueda,wheel,rweh-dah,Objects
llanta,tire,yahn-tah,Objects
freno,brake,freh-noh,Objects
gasolina,gasoline,gah-soh-lee-nah,Objects
teclado,keyboard,teh-klah-doh,Tech
ratón,mouse (computer),rah-tohn,Tech
pantalla,screen,pahn-tah-yah,Tech
archivo,file,ahr-chee-voh,Tech
carpeta,folder,kar-peh-tah,Tech
enlace,link,en-lah-seh,Tech
red,network,red,Tech
señal,signal,seh-nyahl,Tech
código,code,koh-dee-goh,Tech
contraseña,password,kon-trah-seh-nyah,Tech
usuario,user,oo-swah-ryoh,Tech
programa,program,proh-grah-mah,Tech
aplicación,application (app),ah-plee-kah-syohn,Tech
memoria,memory,meh-moh-ryah,Tech
cámara,camera,kah-mah-rah,Tech
radio,radio,rah-dyoh,Tech
televisión,television,teh-leh-vee-syohn,Tech
control,control/remote,kon-trol,Tech
botón,button,boh-tohn,Objects
llave,key,yah-veh,Objects
candado,padlock,kahn-dah-doh,Objects
caja,box,kah-hah,Objects
paquete,package,pah-keh-teh,Objects
bolsa,bag,bol-sah,Objects
maleta,suitcase,mah-leh-tah,Objects
mochila,backpack,moh-chee-lah,Objects
cartera,wallet,kar-teh-rah,Objects
moneda,coin,moh-neh-dah,Objects
billete,bill (money),bee-yeh-teh,Objects
tarjeta,card,tar-heh-tah,Objects
firma,signature,feer-mah,Objects
contrato,contract,kon-trah-toh,Objects
seguro,insurance,seh-goo-roh,Objects
policía,police,poh-lee-syah,City
bombero,firefighter,bom-beh-roh,City
correo,mail/post office,koh-rreh-oh,City
parque,park,pahr-keh,City
plaza,square (city),plah-sah,City
mercado,market,mer-kah-doh,City
tienda,store,tyen-dah,City
restaurante,restaurant,res-tow-rahn-teh,City
cafetería,cafeteria/cafe,kah-feh-teh-ree-ah,City
bar,bar,bahr,City
hotel,hotel,oh-tel,City
museo,museum,moo-seh-oh,City
aeropuerto,airport,ah-eh-roh-pwer-toh,City
estación,station,es-tah-syohn,City
parada,stop (bus),pah-rah-dah,City
semáforo,traffic light,seh-mah-foh-roh,City
tráfico,traffic,trah-fee-koh,City
calle,street,kah-yeh,City
avenida,avenue,ah-veh-nee-dah,City
esquina,corner,es-kee-nah,City
cuadra,block (city),kwah-drah,City
barrio,neighborhood,bah-rryoh,City
vecino,neighbor,veh-see-noh,People
invitado,guest,een-vee-tah-doh,People
visitante,visitor,vee-see-tahn-teh,People
turista,tourist,too-rees-tah,People
extranjero,foreigner,ex-trahn-heh-roh,People
enemigo,enemy,eh-neh-mee-goh,People
prisionero,prisoner,pree-syo-neh-roh,People
ladrón,thief,lah-drohn,People
asesino,killer,ah-seh-see-noh,People
víctima,victim,veek-tee-mah,People
testigo,witness,tes-tee-goh,People
juez,judge,hwehs,People
abogado,lawyer,ah-boh-gah-doh,People
presidente,president,preh-see-den-teh,People
ministro,minister,mee-nees-troh,People
alcalde,mayor,ahl-kahl-deh,People
líder,leader,lee-der,People
miembro,member,myem-broh,People
socio,partner/member,soh-syoh,People
adulto,adult,ah-dool-toh,People
bebé,baby,beh-beh,People
anciano,elderly person,ahn-syah-noh,People
humano,human,oo-mah-noh,People
caballero,gentleman/knight,kah-bah-yeh-roh,People
dama,lady,dah-mah,People
rey,king,rrey,People
reina,queen,rray-nah,People
príncipe,prince,preen-see-peh,People
princesa,princess,preen-seh-sah,People
explicar,to explain,ex-plee-kahr,Verbs (Comms)
ofrecer,to offer,oh-freh-ser,Verbs (Social)
aceptar,to accept,ah-sep-tahr,Verbs (Social)
rechazar,to reject,reh-chah-sahr,Verbs (Social)
compartir,to share,kom-par-teer,Verbs (Social)
elegir,to choose,eh-leh-heer,Verbs (Cognitive)
decidir,to decide,deh-see-deer,Verbs (Cognitive)
preferir,to prefer,preh-feh-reer,Verbs (Cognitive)
olvidar,to forget,ol-vee-dahr,Verbs (Cognitive)
imaginar,to imagine,ee-mah-hee-nahr,Verbs (Cognitive)
preocupar,to worry,preh-oh-koo-pahr,Verbs (Emotion)
esperar,to wait/hope,es-peh-rahr,Verbs (Emotion)
desear,to wish,deh-seh-ahr,Verbs (Emotion)
disfrutar,to enjoy,dees-froo-tahr,Verbs (Emotion)
sufrir,to suffer,soo-freer,Verbs (Emotion)
llorar,to cry,yoh-rahr,Verbs (Emotion)
reír,to laugh,rreh-eer,Verbs (Emotion)
sonreír,to smile,son-rreh-eer,Verbs (Emotion)
besar,to kiss,beh-sahr,Verbs (Action)
abrazar,to hug,ah-brah-sahr,Verbs (Action)
tocar,to touch/play,toh-kahr,Verbs (Action)
empujar,to push,em-poo-hahr,Verbs (Action)
tirar,to pull/throw,tee-rahr,Verbs (Action)
levantar,to lift,leh-vahn-tahr,Verbs (Action)
caer,to fall,kah-er,Verbs (Action)
romper,to break,rrom-per,Verbs (Action)
cortar,to cut,kor-tahr,Verbs (Action)
pegar,to hit/glue,peh-gahr,Verbs (Action)
luchar,to fight,loo-chahr,Verbs (Action)
matar,to kill,mah-tahr,Verbs (Action)
salvar,to save,sahl-vahr,Verbs (Action)
proteger,to protect,proh-teh-her,Verbs (Action)
cuidar,to take care of,kwee-dahr,Verbs (Action)
crecer,to grow,kreh-ser,Verbs (State)
nacer,to be born,nah-ser,Verbs (State)
morir,to die,moh-reer,Verbs (State)
casar,to marry,kah-sahr,Verbs (State)
divorciar,to divorce,dee-vor-syahr,Verbs (State)
viajar,to travel,vyah-hahr,Verbs (Motion)
volar,to fly,voh-lahr,Verbs (Motion)
nadar,to swim,nah-dahr,Verbs (Motion)
correr,to run,koh-rreh,Verbs (Motion)
saltar,to jump,sahl-tahr,Verbs (Motion)
bailar,to dance,by-lahr,Verbs (Motion)
manejar,to drive (LatAm),mah-neh-hahr,Verbs (Motion)
conducir,to drive (Spain),kon-doo-seer,Verbs (Motion)
cruzar,to cross,kroo-sahr,Verbs (Motion)
girar,to turn,hee-rahr,Verbs (Motion)
regresar,to return,reh-greh-sahr,Verbs (Motion)
llegar,to arrive,yeh-gahr,Verbs (Motion)
salir,to leave,sah-leer,Verbs (Motion)
entrar,to enter,en-trahr,Verbs (Motion)
meter,to put in,meh-ter,Verbs (Motion)
sacar,to take out,sah-kahr,Verbs (Motion)
llenar,to fill,yeh-nahr,Verbs (Motion)
vaciar,to empty,vah-syahr,Verbs (Motion)
cubrir,to cover,koo-breer,Verbs (Motion)
descubrir,to discover,des-koo-breer,Verbs (Cognitive)
mostrar,to show,mohs-trahr,Verbs (Social)
esconder,to hide,es-kon-der,Verbs (Action)
buscar,to look for,boos-kahr,Verbs (Action)
encontrar,to find,en-kon-trahr,Verbs (Action)
perder,to lose,per-der,Verbs (Action)
ganar,to win,gah-nahr,Verbs (Action)
intentar,to try,een-ten-tahr,Verbs (Action)
lograr,to achieve,loh-grahr,Verbs (Action)
fallar,to fail,fah-yahr,Verbs (Action)
cometer,to commit,koh-meh-ter,Verbs (Action)
resolver,to solve,reh-sol-ver,Verbs (Cognitive)
dudar,to doubt,doo-dahr,Verbs (Cognitive)
creer,to believe,kreh-er,Verbs (Cognitive)
negar,to deny,neh-gahr,Verbs (Comms)
admitir,to admit,ahd-mee-teer,Verbs (Comms)
prometer,to promise,proh-meh-ter,Verbs (Comms)
jurar,to swear,hoo-rahr,Verbs (Comms)
gritar,to shout,gree-tahr,Verbs (Comms)
susurrar,to whisper,soo-soo-rrahr,Verbs (Comms)
callar,to silence,kah-yahr,Verbs (Comms)
escuchar,to listen,es-koo-chahr,Verbs (Sensory)
ver,to see,ver,Verbs (Sensory)
mirar,to look,mee-rahr,Verbs (Sensory)
observar,to observe,ob-ser-vahr,Verbs (Sensory)
oler,to smell,oh-ler,Verbs (Sensory)
saber,to taste/know,sah-ber,Verbs (Sensory)
parecer,to seem,pah-reh-ser,Verbs (State)
sonar,to sound/ring,soh-nahr,Verbs (Sensory)
brillar,to shine,bree-yahr,Verbs (State)
quemar,to burn,keh-mahr,Verbs (State)
congelar,to freeze,kon-heh-lahr,Verbs (State)
hervir,to boil,er-veer,Verbs (State)
fumar,to smoke,foo-mahr,Verbs (Action)
respirar,to breathe,res-pee-rahr,Verbs (Body)
toser,to cough,toh-ser,Verbs (Body)
estornudar,to sneeze,es-tor-noo-dahr,Verbs (Body)
vomitar,to vomit,voh-mee-tahr,Verbs (Body)
sangrar,to bleed,sahn-grahr,Verbs (Body)
curar,to cure,koo-rahr,Verbs (Body)
doler,to hurt,doh-ler,Verbs (Body)
pesar,to weigh,peh-sahr,Verbs (Measure)
medir,to measure,meh-deer,Verbs (Measure)
costar,to cost,kohs-tahr,Verbs (Measure)
valer,to be worth,vah-ler,Verbs (Measure)
bastar,to be enough,bahs-tahr,Verbs (State)
sobrar,to be left over,soh-brahr,Verbs (State)
faltar,to lack/be missing,fahl-tahr,Verbs (State)
pertenecer,to belong,per-teh-neh-ser,Verbs (State)
depender,to depend,deh-pen-der,Verbs (State)
importar,to matter,eem-por-tahr,Verbs (State)
interesar,to interest,een-teh-reh-sahr,Verbs (State)
molestar,to bother,moh-les-tahr,Verbs (Emotion)
sorprender,to surprise,sor-pren-der,Verbs (Emotion)
asustar,to scare,ah-soos-tahr,Verbs (Emotion)
aburrir,to bore,ah-boo-rreer,Verbs (Emotion)
cansar,to tire,kahn-sahr,Verbs (Body)
relajar,to relax,reh-lah-hahr,Verbs (Body)
descansar,to rest,des-kahn-sahr,Verbs (Body)
despertar,to wake up,des-per-tahr,Verbs (Body)
levantar,to get up,leh-vahn-tahr,Verbs (Body)
vestir,to dress,ves-teer,Verbs (Body)
peinar,to comb,pay-nahr,Verbs (Body)
cepillar,to brush,seh-pee-yahr,Verbs (Body)
bañar,to bathe,bah-nyahr,Verbs (Body)
afeitar,to shave,ah-fay-tahr,Verbs (Body)
maquillar,to put on makeup,mah-kee-yahr,Verbs (Body)
pronto,soon,prohn-toh,Adverbs
temprano,early,tem-prah-noh,Adverbs
tarde,late,tahr-deh,Adverbs
ahora,now,ah-oh-rah,Adverbs
luego,later,lweh-goh,Adverbs
entonces,then,en-tohn-ses,Adverbs
después,after,des-pwes,Adverbs
antes,before,ahn-tes,Adverbs
mientras,while,myen-trahs,Adverbs
siempre,always,syem-preh,Adverbs
nunca,never,noon-kah,Adverbs
jamás,never (emphatic),hah-mahs,Adverbs
a veces,sometimes,ah veh-ses,Adverbs
quizás,maybe,kee-sahs,Adverbs
tal vez,perhaps,tahl ves,Adverbs
probablemente,probably,proh-bah-bleh-men-teh,Adverbs
seguramente,surely,seh-goo-rah-men-teh,Adverbs
realmente,really,reh-ahl-men-teh,Adverbs
verdaderamente,truly,ver-dah-deh-rah-men-teh,Adverbs
simplemente,simply,seem-pleh-men-teh,Adverbs
solamente,only,soh-lah-men-teh,Adverbs
apenas,barely,ah-peh-nahs,Adverbs
casi,almost,kah-see,Adverbs
bastante,enough/quite,bahs-tahn-teh,Adverbs
demasiado,too much,deh-mah-syah-doh,Adverbs
muy,very,mwee,Adverbs
tan,so,tahn,Adverbs
más,more,mahs,Adverbs
menos,less,meh-nohs,Adverbs
mejor,better,meh-hor,Adverbs
peor,worse,peh-or,Adverbs
bien,well,byen,Adverbs
mal,badly,mahl,Adverbs
así,like this/so,ah-see,Adverbs
despacio,slowly,des-pah-syoh,Adverbs
rápido,fast,rrah-pee-doh,Adverbs
alto,loudly/high,ahl-toh,Adverbs
bajo,quietly/low,bah-hoh,Adverbs
juntos,together,hoon-tohs,Adverbs
solos,alone,soh-lohs,Adverbs
claro,clearly/of course,klah-roh,Adverbs
arriba,up,ah-rree-bah,Prepositions
abajo,down,ah-bah-hoh,Prepositions
dentro,inside,den-troh,Prepositions
fuera,outside,fweh-rah,Prepositions
encima,on top,en-see-mah,Prepositions
debajo,underneath,deh-bah-hoh,Prepositions
delante,in front,deh-lahn-teh,Prepositions
detrás,behind,deh-trahs,Prepositions
cerca,near,ser-kah,Prepositions
lejos,far,leh-hos,Prepositions
aquí,here,ah-kee,Prepositions
allí,there,ah-yee,Prepositions
allá,over there,ah-yah,Prepositions
donde,where,dohn-deh,Prepositions
adonde,to where,ah-dohn-deh,Prepositions
de donde,from where,deh dohn-deh,Prepositions
porque,because,por-keh,Conjunctions
como,like/as,koh-moh,Conjunctions
si,if,see,Conjunctions
aunque,although,own-keh,Conjunctions
pero,but,peh-roh,Conjunctions
sino,but rather,see-noh,Conjunctions
o,or,oh,Conjunctions
y,and,ee,Conjunctions
ni,nor,nee,Conjunctions
que,that,keh,Conjunctions
quien,who,kyen,Conjunctions
cual,which,kwahl,Conjunctions
cuyo,whose,koo-yoh,Conjunctions
cuando,when,kwahn-doh,Conjunctions
mientras,while,myen-trahs,Conjunctions
hasta,until,ahs-tah,Conjunctions
desde,since,des-deh,Conjunctions
para,for (purpose),pah-rah,Prepositions
por,for (cause),por,Prepositions
con,with,kon,Prepositions
sin,without,seen,Prepositions
contra,against,kon-trah,Prepositions
entre,between,en-treh,Prepositions
sobre,about/on,soh-breh,Prepositions
de,of/from,deh,Prepositions
a,to,ah,Prepositions
en,in/on,en,Prepositions
durante,during,doo-rahn-teh,Prepositions
hacia,toward,ah-syah,Prepositions
según,according to,seh-goon,Prepositions
mediante,by means of,meh-dyahn-teh,Prepositions
tras,after/behind,trahs,Prepositions
frente a,facing,fren-teh ah,Prepositions
al lado de,next to,ahl lah-doh deh,Prepositions
alrededor de,around,ahl-reh-deh-dor deh,Prepositions
a través de,through,ah trah-ves deh,Prepositions
a pesar de,in spite of,ah peh-sahr deh,Prepositions
en vez de,instead of,en ves deh,Prepositions
gracias a,thanks to,grah-syahs ah,Prepositions
debido a,due to,deh-bee-doh ah,Prepositions
lindo,cute/nice,leen-doh,Adjectives
feo,ugly,feh-oh,Adjectives
guapo,handsome,gwah-poh,Adjectives
horrible,horrible,oh-rree-bleh,Adjectives
maravilloso,wonderful,mah-rah-vee-yoh-soh,Adjectives
increíble,incredible,een-kreh-ee-bleh,Adjectives
imposible,impossible,eem-po-see-bleh,Adjectives
útil,useful,oo-teel,Adjectives
inútil,useless,een-oo-teel,Adjectives
capaz,capable,kah-pahs,Adjectives
incapaz,incapable,een-kah-pahs,Adjectives
listo,ready/smart,lees-toh,Adjectives
torpe,clumsy,tor-peh,Adjectives
loco,crazy,loh-koh,Adjectives
cuerdo,sane,kwer-doh,Adjectives
borracho,drunk,boh-rrah-choh,Adjectives
sobrio,sober,soh-bryoh,Adjectives
vivo,alive,vee-voh,Adjectives
muerto,dead,mwer-toh,Adjectives
desnudo,naked,des-noo-doh,Adjectives
vestido,dressed,ves-tee-doh,Adjectives
sencillo,simple,sen-see-yoh,Adjectives
complejo,complex,kom-pleh-hoh,Adjectives
básico,basic,bah-see-koh,Adjectives
principal,main,preen-see-pahl,Adjectives
final,final,fee-nahl,Adjectives
inicial,initial,ee-nee-syahl,Adjectives
anterior,previous,ahn-teh-ryor,Adjectives
posterior,posterior/later,pohs-teh-ryor,Adjectives
superior,superior,soo-peh-ryor,Adjectives
inferior,inferior,een-feh-ryor,Adjectives
interior,inner,een-teh-ryor,Adjectives
exterior,outer,ex-teh-ryor,Adjectives
nacional,national,nah-syo-nahl,Adjectives
internacional,international,een-ter-nah-syo-nahl,Adjectives
público,public,poo-blee-koh,Adjectives
privado,private,pree-vah-doh,Adjectives
social,social,soh-syahl,Adjectives
político,political,poh-lee-tee-koh,Adjectives
económico,economic,eh-koh-noh-mee-koh,Adjectives
militar,military,mee-lee-tahr,Adjectives
religioso,religious,reh-lee-hyoh-soh,Adjectives
cultural,cultural,kool-too-rahl,Adjectives
histórico,historical,ees-toh-ree-koh,Adjectives
físico,physical,fee-see-koh,Adjectives
mental,mental,men-tahl,Adjectives
emocional,emotional,eh-moh-syo-nahl,Adjectives
personal,personal,per-soh-nahl,Adjectives
profesional,professional,proh-feh-syo-nahl,Adjectives
oficial,official,oh-fee-syahl,Adjectives
real,royal/real,reh-ahl,Adjectives
falso,false,fahl-soh,Adjectives
correcto,correct,koh-rrek-toh,Adjectives
incorrecto,incorrect,een-koh-rrek-toh,Adjectives
exacto,exact,ek-sahk-toh,Adjectives
justo,fair/just,hoos-toh,Adjectives
injusto,unfair,een-hoos-toh,Adjectives
ilegal,illegal,ee-leh-gahl,Adjectives
legal,legal,leh-gahl,Adjectives
responsable,responsible,res-pohn-sah-bleh,Adjectives
libre,free,lee-breh,Adjectives
ocupado,busy/occupied,oh-koo-pah-doh,Adjectives
disponible,available,dees-poh-nee-bleh,Adjectives
abierto,open,ah-byer-toh,Adjectives
cerrado,closed,seh-rrah-doh,Adjectives
roto,broken,rroh-toh,Adjectives
arreglado,fixed,ah-rreh-glah-doh,Adjectives
perdido,lost,per-dee-doh,Adjectives
